[
  {
    "id": 1,
    "first_name": "Timmie",
    "last_name": "Renney",
    "email": "trenney0@businessinsider.com",
    "phone": "424-964-9251",
    "program": "velit"
  },
  {
    "id": 2,
    "first_name": "Linnet",
    "last_name": "Thoresbie",
    "email": "lthoresbie1@virginia.edu",
    "phone": "675-515-9784",
    "program": "interdum"
  },
  {
    "id": 3,
    "first_name": "Noel",
    "last_name": "Patchett",
    "email": "npatchett2@simplemachines.org",
    "phone": "816-157-3559",
    "program": "in"
  },
  {
    "id": 4,
    "first_name": "Annetta",
    "last_name": "Duffin",
    "email": "aduffin3@tripadvisor.com",
    "phone": "996-877-4012",
    "program": "ultrices"
  },
  {
    "id": 5,
    "first_name": "Modesty",
    "last_name": "Warlawe",
    "email": "mwarlawe4@ucoz.com",
    "phone": "970-612-2701",
    "program": "montes"
  },
  {
    "id": 6,
    "first_name": "Felizio",
    "last_name": "Herculeson",
    "email": "fherculeson5@hexun.com",
    "phone": "847-786-7535",
    "program": "non"
  },
  {
    "id": 7,
    "first_name": "Mort",
    "last_name": "Peiser",
    "email": "mpeiser6@posterous.com",
    "phone": "535-132-1644",
    "program": "luctus"
  },
  {
    "id": 8,
    "first_name": "Kenyon",
    "last_name": "McAulay",
    "email": "kmcaulay7@ezinearticles.com",
    "phone": "733-922-5645",
    "program": "adipiscing"
  },
  {
    "id": 9,
    "first_name": "Mavra",
    "last_name": "Buret",
    "email": "mburet8@over-blog.com",
    "phone": "641-818-4765",
    "program": "nibh"
  },
  {
    "id": 10,
    "first_name": "Stacy",
    "last_name": "Bricklebank",
    "email": "sbricklebank9@mtv.com",
    "phone": "483-591-2426",
    "program": "sapien"
  },
  {
    "id": 11,
    "first_name": "Johny",
    "last_name": "Haslen",
    "email": "jhaslena@slideshare.net",
    "phone": "628-148-0342",
    "program": "convallis"
  },
  {
    "id": 12,
    "first_name": "Garold",
    "last_name": "Higginbottam",
    "email": "ghigginbottamb@bloglines.com",
    "phone": "320-107-7332",
    "program": "libero"
  },
  {
    "id": 13,
    "first_name": "Enrichetta",
    "last_name": "Campkin",
    "email": "ecampkinc@devhub.com",
    "phone": "573-295-6361",
    "program": "vel"
  },
  {
    "id": 14,
    "first_name": "Yetta",
    "last_name": "Beckworth",
    "email": "ybeckworthd@mozilla.com",
    "phone": "962-260-5621",
    "program": "neque"
  },
  {
    "id": 15,
    "first_name": "Ben",
    "last_name": "Bandiera",
    "email": "bbandierae@meetup.com",
    "phone": "498-399-1919",
    "program": "nisl"
  },
  {
    "id": 16,
    "first_name": "Terry",
    "last_name": "Denk",
    "email": "tdenkf@europa.eu",
    "phone": "263-186-7680",
    "program": "turpis"
  },
  {
    "id": 17,
    "first_name": "Paulita",
    "last_name": "Jerwood",
    "email": "pjerwoodg@mit.edu",
    "phone": "334-508-7407",
    "program": "eu"
  },
  {
    "id": 18,
    "first_name": "Domingo",
    "last_name": "Chapple",
    "email": "dchappleh@ehow.com",
    "phone": "984-203-8845",
    "program": "viverra"
  },
  {
    "id": 19,
    "first_name": "Marni",
    "last_name": "Welsh",
    "email": "mwelshi@surveymonkey.com",
    "phone": "531-718-4638",
    "program": "pede"
  },
  {
    "id": 20,
    "first_name": "Morgun",
    "last_name": "Thiem",
    "email": "mthiemj@instagram.com",
    "phone": "602-649-7589",
    "program": "in"
  },
  {
    "id": 21,
    "first_name": "Yolanda",
    "last_name": "Tomasello",
    "email": "ytomasellok@fc2.com",
    "phone": "628-902-8947",
    "program": "nulla"
  },
  {
    "id": 22,
    "first_name": "Teador",
    "last_name": "Trathen",
    "email": "ttrathenl@studiopress.com",
    "phone": "391-693-4517",
    "program": "congue"
  },
  {
    "id": 23,
    "first_name": "Gabe",
    "last_name": "Hellwing",
    "email": "ghellwingm@alibaba.com",
    "phone": "315-608-2914",
    "program": "volutpat"
  },
  {
    "id": 24,
    "first_name": "Edlin",
    "last_name": "Newiss",
    "email": "enewissn@is.gd",
    "phone": "160-731-0484",
    "program": "in"
  },
  {
    "id": 25,
    "first_name": "Annelise",
    "last_name": "Gallamore",
    "email": "agallamoreo@wikimedia.org",
    "phone": "107-709-1337",
    "program": "duis"
  },
  {
    "id": 26,
    "first_name": "Ancell",
    "last_name": "Munnings",
    "email": "amunningsp@ebay.co.uk",
    "phone": "448-739-0978",
    "program": "magna"
  },
  {
    "id": 27,
    "first_name": "Liva",
    "last_name": "Oldknowe",
    "email": "loldknoweq@apple.com",
    "phone": "185-932-6938",
    "program": "praesent"
  },
  {
    "id": 28,
    "first_name": "Dita",
    "last_name": "Klimus",
    "email": "dklimusr@marketwatch.com",
    "phone": "634-245-3995",
    "program": "justo"
  },
  {
    "id": 29,
    "first_name": "Jephthah",
    "last_name": "Utley",
    "email": "jutleys@discovery.com",
    "phone": "377-118-3458",
    "program": "sodales"
  },
  {
    "id": 30,
    "first_name": "Tod",
    "last_name": "Cookley",
    "email": "tcookleyt@trellian.com",
    "phone": "768-408-8884",
    "program": "sit"
  },
  {
    "id": 31,
    "first_name": "Ambur",
    "last_name": "Dengel",
    "email": "adengelu@twitpic.com",
    "phone": "151-265-1422",
    "program": "pede"
  },
  {
    "id": 32,
    "first_name": "Duffie",
    "last_name": "McCuis",
    "email": "dmccuisv@gmpg.org",
    "phone": "318-489-3638",
    "program": "nullam"
  },
  {
    "id": 33,
    "first_name": "Anthia",
    "last_name": "Dalmon",
    "email": "adalmonw@dmoz.org",
    "phone": "932-839-3346",
    "program": "id"
  },
  {
    "id": 34,
    "first_name": "Brigitte",
    "last_name": "Blincowe",
    "email": "bblincowex@google.pl",
    "phone": "143-723-4108",
    "program": "proin"
  },
  {
    "id": 35,
    "first_name": "Wallie",
    "last_name": "Whapples",
    "email": "wwhapplesy@deliciousdays.com",
    "phone": "621-979-3991",
    "program": "vel"
  },
  {
    "id": 36,
    "first_name": "Kay",
    "last_name": "Fevers",
    "email": "kfeversz@hexun.com",
    "phone": "345-649-7169",
    "program": "turpis"
  },
  {
    "id": 37,
    "first_name": "Ric",
    "last_name": "Stockman",
    "email": "rstockman10@sfgate.com",
    "phone": "796-384-0629",
    "program": "felis"
  },
  {
    "id": 38,
    "first_name": "Abelard",
    "last_name": "Banfill",
    "email": "abanfill11@furl.net",
    "phone": "782-634-4906",
    "program": "mi"
  },
  {
    "id": 39,
    "first_name": "Findley",
    "last_name": "Hendriksen",
    "email": "fhendriksen12@nymag.com",
    "phone": "352-514-5819",
    "program": "lacinia"
  },
  {
    "id": 40,
    "first_name": "Roseline",
    "last_name": "Syers",
    "email": "rsyers13@exblog.jp",
    "phone": "293-933-0046",
    "program": "fermentum"
  },
  {
    "id": 41,
    "first_name": "Ameline",
    "last_name": "Mohammed",
    "email": "amohammed14@istockphoto.com",
    "phone": "513-923-4442",
    "program": "nibh"
  },
  {
    "id": 42,
    "first_name": "Irwinn",
    "last_name": "Janus",
    "email": "ijanus15@loc.gov",
    "phone": "997-416-2006",
    "program": "id"
  },
  {
    "id": 43,
    "first_name": "Ranice",
    "last_name": "MacKniely",
    "email": "rmackniely16@about.com",
    "phone": "827-431-3881",
    "program": "leo"
  },
  {
    "id": 44,
    "first_name": "Jeramie",
    "last_name": "Warrillow",
    "email": "jwarrillow17@cyberchimps.com",
    "phone": "651-888-8663",
    "program": "ut"
  },
  {
    "id": 45,
    "first_name": "Jada",
    "last_name": "Climance",
    "email": "jclimance18@jigsy.com",
    "phone": "583-524-1153",
    "program": "posuere"
  },
  {
    "id": 46,
    "first_name": "Laughton",
    "last_name": "Copozio",
    "email": "lcopozio19@slashdot.org",
    "phone": "415-262-5281",
    "program": "tempor"
  },
  {
    "id": 47,
    "first_name": "Suzette",
    "last_name": "MacCall",
    "email": "smaccall1a@sohu.com",
    "phone": "860-708-6885",
    "program": "semper"
  },
  {
    "id": 48,
    "first_name": "Rossy",
    "last_name": "Briggdale",
    "email": "rbriggdale1b@ebay.co.uk",
    "phone": "790-272-7386",
    "program": "ut"
  },
  {
    "id": 49,
    "first_name": "Clarence",
    "last_name": "Gallihaulk",
    "email": "cgallihaulk1c@washingtonpost.com",
    "phone": "709-235-3232",
    "program": "nullam"
  },
  {
    "id": 50,
    "first_name": "Conchita",
    "last_name": "Darby",
    "email": "cdarby1d@cmu.edu",
    "phone": "684-897-9759",
    "program": "ut"
  },
  {
    "id": 51,
    "first_name": "Marris",
    "last_name": "Carletti",
    "email": "mcarletti1e@canalblog.com",
    "phone": "210-451-8530",
    "program": "cursus"
  },
  {
    "id": 52,
    "first_name": "Pierette",
    "last_name": "Rowter",
    "email": "prowter1f@arstechnica.com",
    "phone": "882-120-2156",
    "program": "tortor"
  },
  {
    "id": 53,
    "first_name": "Brittney",
    "last_name": "Downing",
    "email": "bdowning1g@mayoclinic.com",
    "phone": "830-926-7439",
    "program": "dapibus"
  },
  {
    "id": 54,
    "first_name": "Sherwin",
    "last_name": "Keggin",
    "email": "skeggin1h@ucla.edu",
    "phone": "832-879-7884",
    "program": "proin"
  },
  {
    "id": 55,
    "first_name": "Wilden",
    "last_name": "Clemenzo",
    "email": "wclemenzo1i@disqus.com",
    "phone": "348-740-1947",
    "program": "vivamus"
  },
  {
    "id": 56,
    "first_name": "Rock",
    "last_name": "Ianni",
    "email": "rianni1j@qq.com",
    "phone": "114-904-6037",
    "program": "sed"
  },
  {
    "id": 57,
    "first_name": "Farrell",
    "last_name": "Vergo",
    "email": "fvergo1k@wordpress.com",
    "phone": "408-987-3472",
    "program": "in"
  },
  {
    "id": 58,
    "first_name": "Julio",
    "last_name": "Thurley",
    "email": "jthurley1l@amazonaws.com",
    "phone": "801-852-0430",
    "program": "amet"
  },
  {
    "id": 59,
    "first_name": "Ryon",
    "last_name": "Sparkwill",
    "email": "rsparkwill1m@histats.com",
    "phone": "347-512-7323",
    "program": "ac"
  },
  {
    "id": 60,
    "first_name": "Rem",
    "last_name": "Menlove",
    "email": "rmenlove1n@cyberchimps.com",
    "phone": "107-138-3558",
    "program": "orci"
  },
  {
    "id": 61,
    "first_name": "Hector",
    "last_name": "Gronaver",
    "email": "hgronaver1o@cnbc.com",
    "phone": "374-763-7230",
    "program": "duis"
  },
  {
    "id": 62,
    "first_name": "Deloria",
    "last_name": "Grummitt",
    "email": "dgrummitt1p@angelfire.com",
    "phone": "267-897-1886",
    "program": "duis"
  },
  {
    "id": 63,
    "first_name": "Rebekah",
    "last_name": "Rame",
    "email": "rrame1q@prnewswire.com",
    "phone": "212-122-0399",
    "program": "amet"
  },
  {
    "id": 64,
    "first_name": "Gabbie",
    "last_name": "Mullard",
    "email": "gmullard1r@shinystat.com",
    "phone": "765-297-4871",
    "program": "in"
  },
  {
    "id": 65,
    "first_name": "Alika",
    "last_name": "Aggiss",
    "email": "aaggiss1s@ow.ly",
    "phone": "507-381-7307",
    "program": "lobortis"
  },
  {
    "id": 66,
    "first_name": "Deny",
    "last_name": "Cornhill",
    "email": "dcornhill1t@wunderground.com",
    "phone": "929-744-3719",
    "program": "ut"
  },
  {
    "id": 67,
    "first_name": "Artie",
    "last_name": "Flowerdew",
    "email": "aflowerdew1u@youtube.com",
    "phone": "149-604-5029",
    "program": "platea"
  },
  {
    "id": 68,
    "first_name": "Tildy",
    "last_name": "Seeney",
    "email": "tseeney1v@wp.com",
    "phone": "948-516-5175",
    "program": "rhoncus"
  },
  {
    "id": 69,
    "first_name": "Vincents",
    "last_name": "Vakhrushev",
    "email": "vvakhrushev1w@taobao.com",
    "phone": "449-935-7742",
    "program": "nonummy"
  },
  {
    "id": 70,
    "first_name": "Keven",
    "last_name": "Pallatina",
    "email": "kpallatina1x@themeforest.net",
    "phone": "718-250-3561",
    "program": "egestas"
  },
  {
    "id": 71,
    "first_name": "Wayne",
    "last_name": "Rickaby",
    "email": "wrickaby1y@studiopress.com",
    "phone": "329-448-8567",
    "program": "volutpat"
  },
  {
    "id": 72,
    "first_name": "Danette",
    "last_name": "Northage",
    "email": "dnorthage1z@infoseek.co.jp",
    "phone": "419-253-0664",
    "program": "pulvinar"
  },
  {
    "id": 73,
    "first_name": "Alana",
    "last_name": "Tuxwell",
    "email": "atuxwell20@google.com.hk",
    "phone": "829-432-5591",
    "program": "vestibulum"
  },
  {
    "id": 74,
    "first_name": "Klarika",
    "last_name": "Cowsby",
    "email": "kcowsby21@ca.gov",
    "phone": "189-335-3587",
    "program": "aliquet"
  },
  {
    "id": 75,
    "first_name": "Corrie",
    "last_name": "Beiderbeck",
    "email": "cbeiderbeck22@dailymail.co.uk",
    "phone": "687-304-8513",
    "program": "sed"
  },
  {
    "id": 76,
    "first_name": "Curcio",
    "last_name": "Stoakes",
    "email": "cstoakes23@google.co.jp",
    "phone": "427-797-3106",
    "program": "habitasse"
  },
  {
    "id": 77,
    "first_name": "Gianna",
    "last_name": "Lapley",
    "email": "glapley24@photobucket.com",
    "phone": "966-418-3423",
    "program": "aenean"
  },
  {
    "id": 78,
    "first_name": "Teresita",
    "last_name": "Gorges",
    "email": "tgorges25@toplist.cz",
    "phone": "629-359-5771",
    "program": "fusce"
  },
  {
    "id": 79,
    "first_name": "Darice",
    "last_name": "Smitherman",
    "email": "dsmitherman26@1688.com",
    "phone": "766-982-7481",
    "program": "diam"
  },
  {
    "id": 80,
    "first_name": "Cris",
    "last_name": "Gyver",
    "email": "cgyver27@omniture.com",
    "phone": "557-395-4541",
    "program": "varius"
  },
  {
    "id": 81,
    "first_name": "Valentine",
    "last_name": "Durak",
    "email": "vdurak28@ow.ly",
    "phone": "725-221-5943",
    "program": "quisque"
  },
  {
    "id": 82,
    "first_name": "Elton",
    "last_name": "Winn",
    "email": "ewinn29@ifeng.com",
    "phone": "482-125-4631",
    "program": "ullamcorper"
  },
  {
    "id": 83,
    "first_name": "Normy",
    "last_name": "Barkhouse",
    "email": "nbarkhouse2a@nationalgeographic.com",
    "phone": "402-458-4338",
    "program": "semper"
  },
  {
    "id": 84,
    "first_name": "Eddi",
    "last_name": "Dudderidge",
    "email": "edudderidge2b@t.co",
    "phone": "862-492-3119",
    "program": "nibh"
  },
  {
    "id": 85,
    "first_name": "Deane",
    "last_name": "Brosi",
    "email": "dbrosi2c@elpais.com",
    "phone": "550-166-6069",
    "program": "non"
  },
  {
    "id": 86,
    "first_name": "Chrisy",
    "last_name": "Hanhart",
    "email": "chanhart2d@salon.com",
    "phone": "844-508-7089",
    "program": "luctus"
  },
  {
    "id": 87,
    "first_name": "Bryce",
    "last_name": "Lashmar",
    "email": "blashmar2e@bloglovin.com",
    "phone": "150-296-5041",
    "program": "turpis"
  },
  {
    "id": 88,
    "first_name": "Marice",
    "last_name": "Bickersteth",
    "email": "mbickersteth2f@sbwire.com",
    "phone": "627-514-2344",
    "program": "eu"
  },
  {
    "id": 89,
    "first_name": "Evvie",
    "last_name": "Worboys",
    "email": "eworboys2g@fastcompany.com",
    "phone": "259-214-3839",
    "program": "massa"
  },
  {
    "id": 90,
    "first_name": "Amby",
    "last_name": "Terney",
    "email": "aterney2h@nba.com",
    "phone": "389-587-0380",
    "program": "dolor"
  },
  {
    "id": 91,
    "first_name": "Jehanna",
    "last_name": "Gritsaev",
    "email": "jgritsaev2i@stumbleupon.com",
    "phone": "200-856-9896",
    "program": "in"
  },
  {
    "id": 92,
    "first_name": "Oswald",
    "last_name": "Lehrmann",
    "email": "olehrmann2j@smh.com.au",
    "phone": "681-461-6105",
    "program": "mattis"
  },
  {
    "id": 93,
    "first_name": "Donella",
    "last_name": "Ingilson",
    "email": "dingilson2k@foxnews.com",
    "phone": "862-967-4712",
    "program": "placerat"
  },
  {
    "id": 94,
    "first_name": "Dorelle",
    "last_name": "Tytterton",
    "email": "dtytterton2l@cocolog-nifty.com",
    "phone": "155-978-7937",
    "program": "interdum"
  },
  {
    "id": 95,
    "first_name": "Dannie",
    "last_name": "Coumbe",
    "email": "dcoumbe2m@dropbox.com",
    "phone": "392-320-4259",
    "program": "rhoncus"
  },
  {
    "id": 96,
    "first_name": "Shurwood",
    "last_name": "Nern",
    "email": "snern2n@facebook.com",
    "phone": "575-153-4623",
    "program": "rhoncus"
  },
  {
    "id": 97,
    "first_name": "Allyn",
    "last_name": "Robak",
    "email": "arobak2o@opensource.org",
    "phone": "181-488-1366",
    "program": "ut"
  },
  {
    "id": 98,
    "first_name": "Shell",
    "last_name": "Dommett",
    "email": "sdommett2p@umich.edu",
    "phone": "684-291-1285",
    "program": "sit"
  },
  {
    "id": 99,
    "first_name": "Roy",
    "last_name": "Toor",
    "email": "rtoor2q@senate.gov",
    "phone": "585-632-1495",
    "program": "luctus"
  },
  {
    "id": 100,
    "first_name": "Kearney",
    "last_name": "Menure",
    "email": "kmenure2r@elegantthemes.com",
    "phone": "280-307-4259",
    "program": "vestibulum"
  }
]
